WID,Group,Word,Transcription,Variation,Grammatical_Category,Meaning,Translation
1,G5,abate,[əˈbeɪt],,verb,to decrease,약해지다
2,G2,abdomen,[ˈæbdəmən],[ˈæbdoʊmən],noun,the part of the body of a mammal between the thorax and the pelvis; belly.,"배, 복부"
3,G5,above,[əˈbʌv],,adverb,"in, at, or to a higher place",~위에
4,G1,absent,[ˈæb.sənt],,adjective,"not in a certain place at a given time; away, missing",결석한
5,G4,absent,[ˈæb sənt],,Adjective,"not in a certain place at a given time; away, missing",결석한
6,G4,absentee,[ˌæb sənˈti],,Noun,"a person who is absent, especially from work or school.",결석자
7,G2,abstract,[ˈæbstrækt],,verb,to take out a specific part from a larger whole,추출하다
8,G3,"abstract
",[ˈæbstrækt] (N/Adj),[æbˈstrækt] (V),N/V/Adj,summary; to remove,요약; 추출하다
9,G3,accent,[ˈækˌsɛnt],,noun,"prominence of a syllable in terms of differential loudness, or of pitch, or length, or of a combination of these.",억양
10,G3,accent,[ˈæk sɛnt],[ækˈsɛnt],noun/verb,"prominence of a syllable in terms of differential loudness, or of pitch, or length, or of a combination of these.","강조, 강조하다"
11,G3,"accent
",['æk sɛnt],,N,stress; to emphasize,억양/강세; 강조하다
12,G2,accident,[ˈæksɪdənt],,noun,"an undesirable or unfortunate happening that occurs unintentionally and usually results in harm, injury, damage, or loss; casualty; mishap.",사고
13,G5,account,[əˈkaʊnt],,verb,to give an explanation,설명하다
14,G2,achieve,[əˈtʃiv],,verb,To succeed in doing something difficult,~을 이루다
15,G5,acrimony,[ˈæk rəmoʊ ni],,noun,"sharpness, harshness, or bitterness of nature, speech, disposition, etc.",독설
16,G1,active,[ˈæk.tɪv],,adjective,"characterized by energetic work, participation, etc.",활동적인
17,G2,address,[əˈdres],,verb,to do something in order to stop a problem,다루다
18,G5,address,[ˈædrɛs],[əˈdrɛs],noun,details of where someone lives,주소
19,G5,adjective,[ˈædʒɪktɪv],[ædʒɪkˈtaɪvəl],noun,any member of a class of words that modify nouns and pronouns,형용사
20,G1,admit,[ædˈmɪt],,"noun, adjective, verb, adverb",to allow to enter; grant or afford entrance to.,인정하다
21,G2,admit,[ədˈmɪt],,verb,"To agree that you did something bad, or that something bad is true",인정하다
22,G5,adverb,[ˈædvɜrb],[ˈædvɜb],noun,any member of a class of words that function as modifiers of verbs or clauses,부사
23,G3,Afghanistan,[æfˈgæ nə stæn],,noun,"a republic in central Asia, NW of India and E of Iran",아프가니스탄
24,G2,Africa,[ˈæfrɪkə],,noun,a continent south of Europe and between the Atlantic and Indian Oceans,아프리카
25,G6,afternoon,[ˌæftərˈnun],[ˌɑf təˈnun],noun,the time from noon until evening,오후
26,G2,agenda,[əˈdʒɛndə],,noun,"a list, plan, outline, or the like, of things to be done, matters to be acted or voted upon, etc..",의제
27,G1,agent,[ˈeɪ.dʒənt],,noun,a person or thing that acts or has the power to act.,대리인
28,G5,agile,[ˈædʒəl],,adjective,quick and well-coordinated in movement; lithe,민첩한
29,G2,agree,[əˈɡri],,verb,to have the same opinion,동의하다
30,G6,agriculture,[ˈægrɪˌkʌltʃər],,noun,the science or occupation of farming compare,농업
31,G2,alabama,[æləˈbæmə],,noun,State of USA,앨러배마
32,G4,alcohol,[ˈæl kəˌhɔl],[ˈælkəˌhɒl],Noun,"a colourless flammable liquid,","술, 알코올"
33,G4,alcoholism,[ˈæl kə hɔˌlɪz əm],[ˈælkəhɒˌlɪzəm],Noun,a chronic illness characterized by dependence on alcohol,알코올 중독
34,G2,algebra,[ˈældʒəbrə ],,noun,the branch of mathematics that deals with general statements of relation,대수학
35,G2,alien,['eɪliən],,noun,1. a person who is not a citizen of the country in which they live or work2. a creature from another world,"외계인, 이방인"
36,G5,alimony,[ˈæləmoʊni],,noun,"Law., an allowance paid to a person by that person's spouse or former spouse for maintenance, granted by a court upon a legal separation or a divorce or while action is pending",위자료
37,G1,alive,[əˈlaɪv],,adjective,having life; living; existing; not dead or lifeless.,살아 있는
38,G5,allegory,[ˈæləgɔri],[ˈælɪɡərɪ],noun,a representation of an abstract or spiritual meaning through concrete or material forms,우화
39,G2,ally,[ˈælaɪ],,verb,to join with someone or another group in order to support each other,동맹하다
40,G5,almost,[ˈɔl moʊst],[ɔlˈmoʊst],adverb,very nearly; all but,거의
41,G6,alternate,[ˈɔltərˌneɪt],[ˈɒl.tə.neɪt],verb,to happen or exist one after the other repeatedly:,번갈아 나오게 만들다
42,G3,alternative,[ɔlˈtɜrnətɪv],,adjective/ noun,"affording a choice of two or more things, propositions, or courses of action.","대안, 대안의"
43,G5,always,[ˈɔlweɪz],[ˈɔlwɪz],adverb,every time; on every occasion; without exception,항상
44,G4,amend,[əˈmɛnd],,Verb,to improve; change for the better,"고치다, 수정하다"
45,G4,amendment,[əˈmɛnd mənt],,Noun,the act of amending; correction,"수정, 개정"
46,G5,American,[əˈmɛrɪkən],,adjective,of or relating to the United States of America or its inhabitants,미국의
47,G1,ample,[ˈæm.pəl],,adjective,fully sufficient or more than adequate for the purpose or needs,풍부한
48,G6,analysis,[əˈnæləsɪs],[əˈnalɪsɪs],noun,the separating of any material or abstract entity into its constituent elements,분석
49,G2,animal,[ˈænəməl],,noun,any such living thing other than a human being.,동물
50,G5,anniversary,[ænəˈvɜrsəri],,noun,the yearly recurrence of the date of a past event,기념일
51,G2,announce,[əˈnaʊns],,verb,"to tell people new information, especially officially",발표하다
52,G3,"antepenult
",[ˌæntiˈpɛnʌlt],,N,third-from-last syllable,"끝에서 세 번째 음절
"
53,G5,anticipatory,[ænˈtɪsəpətɔri],,adjective,"of, showing, or expressing anticipation",기대하는
54,G1,antique,[ænˈtik],,noun,"any work of art, piece of furniture, decorative object, or the like, created or produced in a former period.",골동품
55,G2,apocalypse,[əˈpɒkəlɪps],,noun,"a prophecy or revelation, especially regarding a final cataclysmic battle between good and evil.","파멸, 종말"
56,G1,appeal,[əˈpil],,noun,"a request or reference to some person or authority for a decision, corroboration, judgment, etc.",항소
57,G4,Arabic,[ˈærəbɪk],,"Noun, Adjective","Noun. the language of the Arabs
Adjective. of or connected with the literature and language of Arab people","Noun. 아랍어
Adjective. 아랍의"
58,G5,arbitrary,[ˈɑrbɪtrɛri],[ˈɑbɪtrərɪ],adjective,based on personal choice,임의의
59,G2,arduous,[ˈɑrdʒuəs],,adj,"involving a lot of effort and energy, especially over a period of time","몹시힘든, 고된"
60,G2,argue,[ˈɑrɡju],,verb,"to speak angrily to someone, telling them that you disagree with them",말다툼하다
61,G1,arid,[ˈæ.rɪd],,adjective,being without moisture; extremely dry,건조한
62,G6,aristocracy,[ˌærəˈstɒkrəsi],[ˌarɪˈstɒkrəsi],noun,"a class of persons holding exceptional rank and privileges, especially the hereditary nobility",귀족
63,G4,Aristotle,[ˈær əstɒt l],[ˈærɪstɒtəl],Noun,Greek philosopher,아리스토텔레스(사람 이름)
64,G4,Aristotlian,[ær ə stəˈtil yən],[ærɪstəˈtiːlɪən],Adjective,of or relating to Aristotle or his philosophy,"아리스토텔레스의, 아리스토텔레스 철학의"
65,G2,aroma,[əˈroʊmə],,noun,"an odor arising from spices, plants, cooking, etc., especially an agreeable odor; fragrance.",향
66,G4,arrival,[əˈraɪ vəl],,Noun,an act of arriving; a coming.,도착
67,G4,arrive,[əˈraɪv],,Verb,to come to a certain point in the course of travel; reach one's destination.,도착하다
68,G1,article,[ˈɑr tɪ kəl ],,noun,"a written composition in prose, usually nonfiction, on a specific topic, forming an independent part of a book or other publication, as a newspaper or magazine.","글, 기사"
69,G5,artisan,[ˈɑrtəzən],[ɑr'tɪzənəl],noun,a skilled craft worker,장인
70,G4,ascend,[əˈsɛnd],,Verb,"to move, climb, or go upward; mount; rise.","오르다, 올라가다"
71,G4,ascendant,[əˈsɛn dənt],,Noun/Adjective,a position of dominance or controlling influence/proceeding upwards; rising,"우월,선조/상승하는"
72,G2,asparagus,[əˈspærəgəs],,noun,"any plant of the genus Asparagus, of the lily family, especially A. officianalis, cultivated for its edible shoots.",아스파라거스
73,G3,aspect,[ˈæsˌpɛkt],,noun,appearance to the eye or mind; look.,양상
74,G6,aspirin,[ˈæspərɪn],[ˈæs.prɪn],noun,"a common drug that reduces pain, fever, and swelling:",아스피린
75,G6,assassination,[əˌsæsəˈneɪʃən],,noun,"the premeditated act of killing someone suddenly or secretively, especially a prominent person.",암살
76,G5,assembly line worker,[əˈsɛmblilaɪnwɛrkər],,noun,"a worker who works in an arrangement of machines, tools in which a product is assembled by having each perform a specific, successive operation on an incomplete unit as it passes by in a series of stages organized in a direct line",조립 라인에서 일하는 작업자
77,G3,asset,[ˈæˌsɛt],,noun,a single item of ownership having exchange value.,자산
78,G2,astronomy,[əˈstrɒnəmi],,noun,the science that deals with the material universe beyond the earth's atmosphere.,천문학
79,G6,autograph,[ˈɔtəˌgræf],[ˈɔtəˌgrɑf ],noun,the signature of a famous person,"(유명인의) 사인, 서명"
80,G1,award,[ əˈwɔrd ],,"noun, verb",to give as due or merited; assign or bestow.,"상, 수여하다"
81,G5,baby-sit,[ˈbeɪbisɪt],,verb,to act or work as a baby-sitter,아이를 돌보다
82,G1,balance,[ˈbæl.əns],,noun,"a state of equilibrium or equipoise; equal distribution of weight, amount, etc.",균형
83,G2,balance,[ˈbæləns],,verb,"to be in a position where you will not fall to either side, or to put something in this position",균형을 유지하다
84,G1,ballad,[ˈbæ.ləd],,noun,"any light, simple song, especially one of sentimental or romantic character, having two or more stanzas all sung to the same melody.",발라드
85,G5,ballet,[bæˈleɪ],[ˈbæleɪ],noun,"a classical dance form demanding grace and precision and employing formalized steps and gestures set in intricate, flowing patterns to create expression through movement",발레
86,G1,balloon,[bəˈlun],,noun,"A brightly colored bag made of thin material, filled with air or gas.",풍선
87,G3,bamboo,[ˌbæmˈbu],,noun,"any of the woody or treelike tropical and semitropical grasses of the genera Bambusa, Phyllostachys, Dendrocalamus, and allied genera, having woody, usually hollow stems with stalked blades and flowering only after years of growth.",대나무
88,G1,banal,[bəˈnæl],[bəˈnɑl],adjective,devoid of freshness or originality.,따분한
89,G2,barracuda,[ˌbærəˈkudə],,noun,"any of several elongated, predaceous, tropical and subtropical marine fishes of the genus Sphyraena, certain species of which are used for food.",창꼬치
90,G2,basilica,[bəˈsɪlɪkə],[bəˈzɪlɪkə],noun,an early Christian or medieval church of the type built especially in Italy,바실리카 (교회)
91,G5,bedridden,[ˈbɛdrɪdən],,adjective,"confined to bed because of illness, injury, etc.",앓아 누운
92,G5,behave,[bɪˈheɪv],,verb,"to act in a particular way; conduct or comport oneself or itself.
The ship behaves well",행동하다
93,G3,bibliography,[bɪ bliˈɑ grə fi],,noun,a complete or selective list of works compiled upon some common principle,참고 문헌
94,G2,blossom,[ˈblɑsəm],,verb,To produce flowers,꽃이 피다
95,G5,blueprint,[ˈbluprɪnt],,noun,a detailed outline or plan of action,청사진
96,G2,bonanza,[bəˈnænzə],[boʊˈnænzə],noun,"1. a rich mass of ore, as found in mining.
2. a source of great and sudden wealth or luck; a spectacular windfall",1. 광맥 2. 횡재
97,G2,bother,[ˈbɑðər],,verb,to annoy someone by talking to them when they are busy,~을 귀찮게 하
98,G1,bottle,[ˈbɑ.təl],,noun,"a portable container for holding liquids, characteristically having a neck and mouth and made of glass or plastic.",병
99,G1,bottom,[ˈbɑ.təm],,noun,"the lowest or deepest part of anything, as distinguished from the top.",바닥
100,G4,bottom,[ˈbɒt əm],,Noun,the under or lower side,"바닥, 맨 아래"
101,G4,bottomless,[ˈbɒt əm lɪs],,Adjective,having no bottom,바닥이 없는
102,G5,bravery,[ˈbreɪvəri],,noun,brave spirit or conduct; courage; valor,용기
103,G1,Brazil,[brəˈzɪl],,noun,a republic in South America.,브라질
104,G5,British,[ˈbrɪtɪʃ],,adjective,of or relating to Great Britain or its inhabitants,영국의
105,G5,brochure,[broʊˈʃʊər],[ˈbroʊʃɛr],noun,a pamphlet or leaflet,책자
106,G2,buffalo,[ˈbʌfəloʊ],,noun,any of several large wild oxen of the family Bovidae.,물소
107,G4,burden,[ˈbɜr dn],[ ˈbɜːdən ],Noun/Verb,something that is carried; load/ to load heavily,"짐, 부담/ 짐 지우다, 부담을 주다"
108,G4,burdensome,[ˈbɜr dn səm],[ˈbɜːdənsəm ],Adjective,hard to bear; onerous,"부담스러운, 힘든"
109,G1,busy,[ˈbɪ.zi],,adjective,actively and attentively engaged in work or a pastime.,바쁜
110,G1,cabbage,[ˈkæ.bɪdʒ],,noun,"any of several cultivated varieties of a plant, Brassica oleracea capitata, of the mustard family, having a short stem and leaves formed into a compact, edible head.",양배추
111,G5,cafe,[kæˈfeɪ],[ˈkæfeɪ],noun,"a small, unpretentious restaurant, often with exterior seating on a patio or extending onto the sidewalk",카페
112,G2,calcutta,[kælˈkʌtə],,noun,city in India,캘커타
113,G6,camera,[ˈkæmərə],[ˈkæm.rə],noun,a device for taking photographs or making films or television programmes:,카메라
114,G1,canal,[kəˈnæl],,noun,"an artificial waterway for navigation, irrigation, etc.",수로
115,G1,canoe,[kəˈnu],,noun,"any of various small, primitive light boats.",카누
116,G5,car wash,[ˈkɑrwɑʃ],,verb,the washing of an automobile,세차
117,G2,caracas,[kəˈrɑkəs],,noun,Captial of Venezuela,카라카스
118,G1,carrot,[ˈkæ.rət],,noun,"the nutritious, orange to yellow root of this plant, eaten raw or cooked.",당근
119,G6,cashier,[kæˈʃɪər],"[kəˈʃɪə], [kaˈʃɪə]",noun,"an employee, as in a market or department store, who collects payments for customer purchases",계산원
120,G5,castrate,[ˈkæstreɪt],[kæ'streɪt],verb,to remove reproductive organs,거세하다
121,G5,category,[ˈkætɪgɔri],[ˈkætɪɡərɪ],noun,any general or comprehensive division; a class,범주
122,G5,category,[ˈkætɪgɔri],,noun,any general or comprehensive division; a class,범주
123,G2,cavalier,[kævəˈlɪər],[ˈkævəlɪər ],noun,"a horseman, especially a mounted soldier; knight.",기마병
124,G4,celibacy,[ˈsɛl ə bə si],,Noun,abstention by vow from marriage.,순결 서약
125,G4,celibate,"[ˈsɛl ə bɪt, -ˌbeɪt]",[ˈsɛlɪbɪt],Noun/Adjective,"a person who remains unmarried, especially for religious reasons./not married.",독신주의자/결혼을 하지 않는
126,G2,cemetery,[ˈsɛmɪtɛri],,noun,"an area set apart for or containing graves, tombs, or funeral urns, especially one that is not a churchyard; burial ground; graveyard.",묘지
127,G5,cemetery,[ˈsɛmɪtɛri],,noun,"an area set apart for or containing graves, tombs, or funeral urns",공동묘지
128,G5,ceremony,[ˈsɛrəmoʊni],,noun,the formal activities conducted on some solemn or important public or state occasion,의식
129,G4,certain,[ˈsɜr tn],[ ˈsɜːtən],Adjective,(postpositive) positive and confident about the truth of something; convinced,확실한
130,G4,certainty,[ˈsɜr tn ti],[ˈsɜːtəntɪ],Noun,the condition of being certain,확실성
131,G3,changing,[ˈtʃeɪndʒɪŋ],,adjective,to become different,변화하는
132,G5,chateau,[ʃæˈtoʊ],[ˈʃætoʊ],noun,a castle or fortress,성
133,G2,chicago,[ʃɪˈkɑɡoʊ],,noun,City in USA,시카고
134,G1,chicken,[ˈtʃɪ.kən],[ˈtʃɪ.kɪn],noun,"the flesh of the chicken, especially of the young bird, used as food.",닭
135,G5,choice,[tʃɔɪs],,noun,an act or instance of choosing,선택
136,G6,choreography,[ˌkɔriˈɒgrəfi],[ˌkohriˈɒgrəfi],noun,the technique of representing the various movements in dancing by a system of notation.,"안무, 연출"
137,G2,cigarette,[sɪgəˈrɛt],[ˈsɪgərɛt],noun,"a cylindrical roll of finely cut tobacco cured for smoking, considerably smaller than most cigars and usually wrapped in thin white paper.",담배
138,G5,cigarette,['sɪɡərɛt],[sɪɡəˈrɛt],noun,a rolled tobacco product,담배
139,G2,cincinnati,[sɪnsɪˈnæti],,noun,city in USA,신시내티
140,G2,clarinet,[klærəˈnɛt],,noun,a woodwind instrument in the form of a cylindrical tube with a single reed attached to its mouthpiece,클라리넷
141,G5,cliche,[klɪˈʃeɪ],[ˈkliʃeɪ],noun,"a trite, stereotyped expression",상투적인 표현
142,G4,clock,[klɒk],,Noun,"any clocklike device for recording or measuring, such as a taximeter or pressure gauge",시계
143,G4,clockwise,[ˈklɒk waɪz],,Adverb/Adjective,in the direction that the hands of a clock rotate; from top to bottom towards the right when seen from the front/ directed clockwise,시계 방향으로/ 시계 방향의
144,G2,combat,[ˈkɒmbæt],,verb,to try hard to stop or reduce something harmful,~와 맞서다
145,G5,combination,[kɒmbəˈneɪʃən],[kɒmbɪˈneɪʃən],noun,the act of combining or the state of being combined,조합
146,G3,combinatory,[kəmˈbaɪnətɔri],,adjective,relating to the combination or arrangement of different substances or elements,결합적인
147,G2,comedy,[ˈkɒmɪdi],,noun,"a play, movie, etc., of light and humorous character with a happy or cheerful ending;",희극
148,G4,committee,[kəˈmɪt i],,Noun,"a person or group of persons elected or appointed to perform some service or function, as to investigate, report on, or act upon a particular matter.",위원회
149,G1,common,[ˈkɑ.mən],,adjective,"belonging equally to, or shared alike by, two or more or all in question.",흔한
150,G5,common,[ˈkɒmən],,adjective,"belonging equally to, or shared alike by, two or more or all in question",흔한
151,G1,compel,[kəmˈpɛl ],,adjective,"to force or drive, especially to a course of action.",강요하다
152,G5,compensatory,[kəmˈpɛnsətɔri],,adjective,"serving to compensate, as for loss, lack, or injury",보상하는
153,G1,complete,[kəmˈplit],,adjective,having all parts or elements; lacking nothing; whole; entire; full.,완전한
154,G5,complex,[ˈkɑmplɛks],[kəmˈplɛks],adjective,consisteing of two parts,복합어의
155,G5,complimentary,[kɒmpləˈmɛntəri],,adjective,given free as a gift or courtesy,칭찬의
156,G5,compose,[kəmˈpoʊz],[kəmˈpəʊz],verb,to be or constitute a part or element of,구성하다
157,G5,compound,[ˈkɒmpaʊnd],,noun,"something formed by compounding or combining parts, elements, etc.",합성어
158,G2,compress,[kəmˈpres],,verb,"to make something smaller, especially by pressing it, so that it uses less space or time",압축하다
159,G2,computer,[kəmˈpyutər],,noun,a programmable electronic device,컴퓨터
160,G6,concilation,[kənˌsɪlɪˈeɪʃən],,noun,the action of mediating between two disputing people or groups,"화해, 유화"
161,G2,conduct,[kənˈdʌkt],,verb,to organize or do something,실시하다
162,G5,confectionery,[kənˈfɛkʃənɛri],,noun,candy or other confections collectively,과자류
163,G2,confine,[kənˈfaɪn],,verb,to keep someone or something within a limited space or range so they cannot go beyond it,가두다
164,G5,conflate,[kənˈfleɪt],,verb,to combine things,합치다
165,G2,conflict,[ˈkɒnflɪkt],,verb,to be different,상충하다
166,G5,conservatory,[kənˈsɜrvətɔri],,noun,"a school giving instruction in one or more of the fine or dramatic arts; specifically, a school of music",온실
167,G5,consist,[kənˈsɪst],,verb,to be made up or composed,구성되다
168,G3,consistent,[kənˈsɪstənt],,adjective,agreeing or accordant; compatible; not self-contradictory.,일관된
169,G5,consistent,[kənˈsɪstənt],,adjective,agreeing or accordant; compatible; not self-contradictory,한결같은
170,G1,constitute,[ˈkɒn stɪˌtut],[ˈkɒn stɪtyut ],verb,to compose; form.,"~이 되는 것으로 여겨지다, ~을 구성하다"
171,G1,constitutional,[ˌkɒn stɪˈtu ʃə nl],,"adjective, noun","of or relating to the constitution of a state, organization, etc.","헌법의, 산책"
172,G6,consumptiveness,[kənˈsʌmptɪvnɪs],,noun,The state of being consumptive.,소모적[파괴적]임
173,G5,contemporary,[kənˈtɛmpərɛri],,adjective,"existing, occurring, or living at the same time; belonging to the same time",현대의
174,G4,context,[ˈkɑːntεkst],[ˈkɒntεkst],Noun,the situation in which something happens and that helps you to understand it,맥락
175,G4,contextual,[kənˈtεkstʃuəl],,Adjective,connected with a particular context,맥락의
176,G1,contitutionality,[ ˌkɒn stɪˌtu ʃəˈnæl ɪ ti],,noun,the quality of being constitutional.,합헌성
177,G2,contrast,[kənˈtrɑst],,verb,to compare two people or things,대조하다
178,G5,controversy,[ˈkɒntrəvɜrsi],[kənˈtrɒvərsi],noun,public disagreement,논란
179,G3,convert,[kənˈvɛrt],,verb,to change (something) into a different form or so that it can be used in a different way,전환시키다
180,G2,convict,[kənˈvɪkt],,verb,to decide officially in a court of law that someone has committed a crime,유죄를 선고하다
181,G3,"convict
",[ˈkɑnvɪkt] (N),[kənˈvɪkt] (V),N/V,prisoner; to find guilty,죄수; 유죄 판결하다
182,G1,cookie,[ˈkʊ.ki],[ˈkʊ.kɪ ],noun,"a small, usually round and flat cake, the size of an individual portion, made from stiff, sweetened dough, and baked.",과자
183,G2,copy,[ˈkɒpi],,verb,to make something that is the same as something else,복사하다
184,G5,cornet,[kɔrˈnɛt],[ˈkɔrnɪt],noun,a valved wind instrument of the trumpet family,코넷(작은 트럼펫같이 생긴 금관 악기)
185,G5,corollary,[ˈkɔrəlɛri],[kəˈrɒlərɪ],noun,a proposition that follows directly from the proof of another proposition,필연적 결과
186,G5,coronary,[ˈkɔrənɛri],ˈkɒrənərɪ,adjective,"of or relating to the human heart, with respect to health",관상의
187,G1,correct,[kəˈrɛkt],,adjective,conforming to fact or truth; free from error; accurate.,옳은
188,G1,corrupt,[kəˈrʌpt],,adjective,guilty of dishonest practices.,부패한
189,G1,country,[ˈkʌn.tri],[ˈkʌntrɪ ],noun,a state or nation.,나라
190,G3,crayon,[ˈkreɪˌɑn],[ˈkreɪˌən],noun,"a pointed stick or pencil of colored clay, chalk, wax, etc., used for drawing or coloring.",크레용
191,G5,create,[kriˈeɪt],,verb,"to cause to come into being, as something unique that would not naturally evolve",만들어내다
192,G5,cremate,[ˈkrimeɪt],[kri'meɪt],verb,to burn a body to ashes,화장하다
193,G5,crochet,[kroʊˈʃeɪ],[ˈkroʊʃeɪ],noun,needlework done with a needle having a small hook at one end for drawing the thread or yarn through intertwined loops,코바늘 뜨개질
194,G3,cucumber,[ˈkju kʌm bɚ],[ˈkju kʌm bə],noun,"a creeping plant, Cucumis sativus, of the gourd family, occurring in many cultivated forms.",오이
195,G3,cyclone,[ˈsaɪˌkloʊn],,noun,"a large-scale, atmospheric wind-and-pressure system characterized by low pressure at its center and by circular wind motion",사이클론
196,G5,debate,[dɪˈbeɪt],,noun,a formal discussion,토론
197,G5,debris,[dəˈbri],[ˈdɛbri],noun,the remains of anything broken down or destroyed; ruins; rubble,잔해
198,G2,December,[dɪˈsɛmbər],,noun,"the twelfth month of the year, containing 31 days. Dec.",12월
199,G3,defense,[dɪˈfɛns],[ˈdiːfɛns],N,"protection from attack, in sports: preventing the opponent from scoring","방어, 수비"
200,G5,deflate,[dɪˈfleɪt],,verb,to release air,공기를 빼다
201,G3,delay,[dɪˈleɪ],,N/V,postponement; postpone,지연; 지연시키다
202,G1,democracy,[ dɪˈmɒk rə si ],,noun,government by the people; a form of government in which the supreme power is vested in the people and exercised directly by them or by their elected agents under a free electoral system.,"민주주의, 민주국"
203,G1,democrat,[ˈdɛməkræt],,"noun, adjective, verb, adverb",an advocate of democracy,민주주의 옹호자
204,G1,democrat,[ˈdɛməkræt],,"noun, adjective, verb, adverb",an advocate of democracy,민주주의 옹호자
205,G1,democratic,[ˌdɛm əˈkræt ɪk ],,adjective,advocating or upholding democracy.,"민주주의의, 민주적"
206,G3,dependency,[dɪˈpɛndənsi],,noun,the state of being dependent; dependence.,의존성
207,G3,detect,[dɪˈtɛkt],,verb,to discover the existence of.,발견하다
208,G6,diagnosis,[ˌdaɪəgˈnoʊsɪs],,noun,"the act of identifying a disease, illness, or problem by examining someone or something",진단
209,G2,diagram,[ˈdaɪəɡræm],,verb,visually represent a sentence's structure,구조를 나타내다
210,G3,diagram,[ˈdaɪəgræm],,noun,"a chart, plan, or scheme.",구성도
211,G5,dictate,[ˈdɪkteɪt],[dɪk'teɪt],verb,to say for someone to write down,받아쓰게 하다
212,G5,dictionary,[ˈdɪkʃənɛri],[ˈdɪkʃənərɪ],noun,a book of word meanings,사전
213,G2,differ,[ˈdɪfər],,verb,to be different from something or someone else,다르다
214,G5,difference,[ˈdɪfərəns],,noun,an instance or point of unlikeness or dissimilarity,차이점
215,G5,differently,[ˈdɪfərəntli],,adverb,"in a manner unlike another in character or quality; dissimilarly.
This home alarm system works differently from the one in your office",다르게
216,G2,digest,[daɪˈdʒest],[dɪˈdʒest],verb,to change food in your stomach into substances that your body can use,소화시키다
217,G1,dimple,[ˈdɪm.pəl],,noun,"a small, natural hollow area or crease, permanent or transient, in some soft part of the human body, especially one formed in the cheek in smiling.",보조개
218,G2,diploma,[dɪˈploʊmə],,noun,"a document conferring some honor, privilege, or power.",수료증
219,G1,diplomacy,[ dɪˈploʊ mə si ],,noun,the conduct by government officials of negotiations and other relations between nations.,외교
220,G1,diplomat,[ ˈdɪp ləˌmæt ],,noun,"a person appointed by a national government to conduct official negotiations and maintain political, economic, and social relations with another country or countries.",외교관
221,G1,diplomatic,[ˌdɪp ləˈmæt ɪk ],,adjective,"of, relating to, or engaged in diplomacy.",외교의
222,G2,director,[dɪˈrɛktər],[daɪˈrɛktər],noun,a person or thing that directs.,"지휘자,감독"
223,G2,discharge,[dɪsˈtʃɑdʒ],,verb,to allow something or someone to leave or go out from a place or situation,내보내다
224,G6,discretional,[dɪˈskrɛʃənl],,adjective,available for use at the discretion of the user,재량에 따른
225,G2,distance,[ˈdɪstəns],,verb,distance yourself from someone/something,~을 멀리하다
226,G1,divine,[dɪˈvaɪn],[dəˈvaɪn],adjective,"of or relating to a god, especially the Supreme Being.",신성한
227,G3,divinity,[dəˈvɪ nə ti],,noun,the quality of being divine,신성함
228,G5,docile,[ˈdɒsəl],[dəʊˈsɪlɪtɪ],adjective,easily managed or handled; tractable,온순한
229,G5,documentary,[dɒkyəˈmɛntəri],,adjective,"Also documental pertaining to, consisting of, or derived from documents",다큐
230,G5,donate,[ˈdoʊneɪt],[doʊ'neɪt],verb,to give to help others,기부하다
231,G5,dormitory,[ˈdɔrmɪtɔri],,noun,"a building, as at a college, containing a number of private or semiprivate rooms for residents",기숙사
232,G5,drop-kick,[ˈdrɑpkɪk],,verb,to make a drop kick,드롭킥
233,G5,dry-clean,[ˈdraɪklin],,verb,to clean with a liquid other than water,물 이외의 액체를 사용하여 청소하다
234,G5,dysentery,[ˈdɪsəntɛri],,noun,an infectious disease marked by inflammation and ulceration of the lower part of the bowels,이질
235,G1,early,[ˈɜr.li],,adjective,"in or during the first part of a period of time, a course of action, a series of events, etc..",이른
236,G6,eccentricity,"[ˌɛksənˈtrɪsɪti,]","[ˌɛksɛnˈtrɪsɪti,]",noun,an act or habit that is strange or unusual,기이한 행동
237,G6,economic,[ˌɛkəˈnɒmɪk],[ˌiː.kəˈnɑː.mɪk],adjective,"relating to trade, industry, or money:",경제적인
238,G6,educate,[ˈɛdʒʊˌkeɪt],,verb,to teach someone,교육하다
239,G6,education,[ˌɛdʒʊˈkeɪʃən],,noun,the theory and practice of teaching,교육
240,G5,either,[ˈiðər],,adjective,one or the other of two,둘 중 하나
241,G5,elate,[ɪˈleɪt],,verb,to make very happy,기쁘게 하다
242,G5,element,[ˈɛləmənt],[ˈɛlɪmənt],noun,a component or constituent of a whole or one of the parts,요소
243,G5,elementary,[ɛləˈmɛntəri],,adjective,"pertaining to or dealing with elements, rudiments, or first principles",초등의
244,G1,empire,[ˈem.paɪ.ər],[ˈem.paɪ.ə],noun,a government under an emperor or empress.,제국
245,G3,empire,[ˈɛmˌpaɪər],,noun,"a group of nations or peoples ruled over by an emperor, empress, or other powerful sovereign or government",제국
246,G3,encore,[ˈɑŋˌkɔr],,noun,again; once more,앙코르
247,G5,ending,[ˈɛndɪŋ],,noun,the final part,"끝, 결말"
248,G2,engineer,[ɛndʒəˈnɪər],,noun,"a person trained and skilled in the design, construction, and use of engines or machines, or in any of various branches of engineering.",엔지니어
249,G5,English,[ˈɪŋglɪʃ],,noun,"the Germanic language of England, widespread and standard also in the United States, Canada, and other countries colonized or settled by England",영어
250,G2,enigma,[əˈnɪgmə],,noun,a puzzling or inexplicable occurrence or situation.,수수께
251,G2,envy,[ˈenvi],,verb,to want something that someone else has,부러워하다
252,G5,equivalent,[ɪˈkwɪvələnt],[ɪkwə'veɪlənt],adjective,equal in meaning or value,동등한
253,G2,escort,[ɪˈskɔt],,verb,"to go somewhere with someone, often to protect them",인도하다
254,G5,exactly,[ɪɡˈzæktli],,adverb,in an exact manner; precisely; accurately,정확히
255,G5,exception,[ɪkˈsɛpʃən],,noun,"anything excluded from or not in conformance with a general rule, principle, class, etc.",예외
256,G3,excommunicate,[ɛk skəˈmju nə keɪt],,verb,to cut off from communion with a church or exclude from the sacraments of a church by ecclesiastical sentence.,파문하다
257,G5,exculpatory,[ɪkˈskʌlpətɔri],,adjective,tending to clear from a charge of fault or guilt,무죄를 입증하는
258,G2,experiment,[ɪkˈspɛrəmənt],[ɛkˈspɛrəmɛnt],noun,"a test, trial, or tentative procedure",실험
259,G5,exploratory,[ɪkˈsplɔrətɔri],,adjective,pertaining to or concerned with exploration,탐사의
260,G2,export,[ˈekspɔt],,verb,to send goods to another country in order to sell them there,수출하다
261,G3,expugnatory,[ɛkˈspʌɡ nə tɔ ri],,adjective,"relating to assaulting, capturing, or overcoming something",공략적인
262,G2,extract,[ɪkˈstrækt],,verb,"to remove or take something out, especially using force",뽑아내다
263,G6,facilitate,[fəˈsɪlɪˌteɪt],,verb,to make easier or less difficult,용이하게 하다
264,G6,faculty,[ˈfækəlti],,noun,"a natural ability to hear, see, think, move, etc.:",능력
265,G5,fail-safe,[ˈfeɪlseɪf],,adjective,equipped with a secondary system,안전장치가 되어 있는
266,G6,famous,[ˈfeɪməs],,adjective,"having a widespread reputation, usually of a favorable nature",유명한
267,G1,father,[ˈfɑ.ðər],,noun,a man who begets offspring; a male parent.,아버지
268,G5,February,[ˈfɛbruɛri],[ˈfɛbrʊərɪ],noun,the second month of the year,2월
269,G5,fertile,[ˈfɜrtl],,adjective,"bearing, producing, or capable of producing vegetation, crops, etc., abundantly; prolific",비옥한
270,G2,figure,[ˈfɪɡər],[ˈfɪɡjər],verb,to expect or think that something will happen,짐작하다
271,G5,fillet,[fɪˈleɪ],[ˈfɪlɪt],noun,a boneless cut or slice of meat or fish,살코기
272,G5,final,[ˈfaɪnəl],,adjective,occurring at the end of a word or syllable,마지막의
273,G5,finally,[ˈfaɪnəli],,adverb,after a long time,마침내
274,G5,find,[ˈfaɪnd],,verb,to discover,발견하다
275,G5,first,[fɜrst ],[fɜst],adjective,"being before all others with respect to time, order, rank, importance, etc.",첫
276,G5,flower girl,[ˈflaʊərɡɜrl],[ˈflaʊəɡɜl],noun,a young girl at a wedding ceremony who precedes the bride and carries or scatters flowers in her path,결혼식에서 신부 앞길에 꽃잎을 뿌리며 걷는 어린 소녀
277,G1,fluent,[ˈflu.ənt],,adjective,"able to speak or write smoothly, easily, or readily.",유창한
278,G5,fly-by-night,['flɑɪbɑɪnɑɪt],,adjective,"not reliable or responsible, especially in business; untrustworthy",신뢰할 수 없는
279,G5,following,[ˈfɒloʊɪŋ],[ˈfɒləʊɪŋ,adjective,"that is now to follow; now to be mentioned, described, related, or the like",다음에 나오는
280,G1,forget,"[fərˈgɛt ] 


",,noun,to cease or fail to remember; be unable to recall.,잊다
281,G5,forget-me-not,[fərˈgɛtminɑt],,noun,Myosotis sylvatica,물망초
282,G5,form,[fɔrm],[fɔm],noun,a type or shape,형태
283,G5,formed,[ˈfɔrmd],,verb,to have (a grammtical feature) represented in a particular shape,특정 형태로 표현되다
284,G5,formulation,[fɔrmjuˈleɪʃn],[fɔmjuˈleɪʃn],noun,"the act of creating or preparing something carefully, giving particular attention to the details",공식
285,G5,fragile,[ˈfrædʒəl],[frəˈdʒɪlɪtɪ],adjective,"easily broken, shattered, or damaged; delicate; brittle; frail",깨지기 쉬운
286,G3,franchise,[ˈfrænˌtʃaɪz],,noun,"a privilege of a public nature conferred on an individual, group, or company by a government.",프랜차이즈
287,G4,frank,[fræŋk],,Adjective,honest and straightforward in speech or attitude,솔직한
288,G4,frankness,[ˈfræŋk nɪs ],,Noun,plainness of speech; candor; openness,솔직함
289,G4,free,[fri],,Adjective/Verb,"enjoying personal rights or liberty, as a person who is not in slavery./to make free; set at liberty; release from bondage","자유로운/석방하다, 풀어주다"
290,G5,free,[fri ],,adjective,able to act at will,자유로운
291,G4,freedom,[ˈfri dəm],,Noun,the state of being free,자유
292,G5,French,[ˈfrɛntʃ],,adjective,"of, relating to, or characteristic of France or its inhabitants, language, or culture",프랑스의
293,G4,friend,[frɛnd],,Noun,"a person known well to another and regarded with liking, affection, and loyalty; an intimate",친구
294,G4,friendly,[ˈfrɛnd li],[ˈfrɛndlɪ],Adjective,"showing or expressing liking, goodwill, or trust","친절한, 우호적인"
295,G4,friendship,[ˈfrɛnd ʃɪp],,Noun,the state of being a friend; association as friends,우정
296,G5,frontier,[frʌnˈtɪər],['frʌntɪər],noun,the part of a country that borders another country; boundary; border,국경
297,G5,frustrate,[ˈfrʌstreɪt],[frʌ'streɪt],verb,to make someone upset from failure,좌절시키다
298,G5,function,[ˈfʌŋkʃən],,verb,to perform a specified action or activity,기능하다
299,G2,furnish,[ˈfɜrnɪʃ],,verb,to put furniture into a room or building,가구를 들여놓다
300,G5,futile,[ˈfyutl],,adjective,incapable of producing any result; ineffective; useless; not successful,헛된
301,G5,garage,[gəˈrɑʒ],[ˈgærɑʒ],noun,a building or indoor area for parking or storing motor vehicles,차고
302,G2,gasoline,[gæsəˈlin],[ˈgæsəlin],noun,"a volatile, flammable liquid mixture of hydrocarbons, obtained from petroleum, and used as fuel for internal-combustion engines, as a solvent, etc.",가솔린
303,G1,gazelle,[gəˈzɛl],,noun,a small antelope.,가젤
304,G6,general,[ˈdʒɛnərəl],,adjective,of or relating to all persons or things belonging to a group or category,"일반적인, 보통의"
305,G6,generality,[ˌdʒɛnəˈræləti],,noun,a statement that is not specific or detailed,일반론
306,G3,generalization,[dʒɛnərələˈzeɪʃən],,noun,the act or process of generalizing.,일반화
307,G5,generally,[ˈdʒɛnərəli],,adverb,usually or in most cases,일반적으로
308,G4,geometrical,[ˌdʒiːəˈmεtrɪkəl],,Adjective,connected with geometry,기하학의
309,G4,geometry,[dʒiˈɑːmətri],[dʒiˈɒmətri],Noun,"the branch of mathematics that deals with the measurements and relationships of lines, angles, surfaces and solids",기하학
310,G1,giraffe,[dʒəˈræf],[dʒəˈrɑf],noun,"a tall African animal with a very long neck, long legs, and dark marks on its coat.",기린
311,G5,give,[ˈgɪv],,verb,to set forth or show; present; offer,보여주다
312,G3,gourmet,[ˈgʊər meɪ],,adjective,"elaborately equipped for the preparation of fancy, specialized, or exotic meals.",미식의
313,G4,grace,[greɪs],,Noun/Verb,"elegance or beauty of form, manner, motion, or action./to favor or honor.",우아함/꾸미다
314,G4,graceful,[ˈgreɪs fəl],[ˈɡreɪsfʊl],Adjective,characterized by elegance or beauty,우아한
315,G2,granada,[ɡɾɑˈnɑðə],,noun,city of Spain,그라나다
316,G3,gratification,[græ tə fəˈkeɪ ʃən],,noun,the state of being gratified; great satisfaction.,만족
317,G6,gratification,[ˌgrætəfɪkeɪʃən],,noun,a source of pleasure,만족감(을 주는 것)
318,G5,Great Britain,[ɡreɪtˈbrɪtn],,noun,"an island of NW Europe, separated from the mainland by the English Channel and the North Sea",영국
319,G4,green,[grin],,Adjective/Noun,"of the color of growing foliage, between yellow and blue in the spectrum./a color intermediate in the spectrum between yellow and blue",녹색의/녹색
320,G4,greenish,[ˈgri nɪʃ],,Adjective,somewhat green; having a tinge of green.,녹색을 띤
321,G5,group,[ˈgrup],,noun,any collection or assemblage of persons or things; cluster; aggregation,어떠한 것의 집합
322,G5,groupings,['grupɪŋz],,noun,a set or arrangement of persons or things in a group,분류
323,G4,grow,[groʊ],[ ɡrəʊ ],Verb,"to increase by natural development, as any living organism or part by assimilation of nutriment; increase in size or substance","성장하다, 자라다"
324,G4,growth,[groʊθ],[ ɡrəʊθ],Noun,"the process or act of growing, esp in organisms following assimilation of food",성장
325,G2,guatemala,[ɡwatɛˈmɑlə],,noun,country in Central America,과테말라
326,G5,gyrate,[ˈdʒaɪreɪt],[dʒaɪˈreɪtərɪ],verb,to move in circles,빙글빙글 돌다
327,G2,harmonica,[hɑrˈmɒnɪkə],,noun,a musical wind instrument consisting of a small rectangular case containing a set of metal reeds connected to a row of holes,하모니카
328,G2,harvest,[ˈhɑrvɪst],,verb,to cut and collect crops when they are ready,수확하다
329,G3,harvest,[ˈhɑrvəst],,N/V,crop yield; gather crops,수확; 수확하다
330,G2,havana,[həˈvænə],,noun,Capital of Cuba,하바나
331,G5,have,[hæv],[həv],verb,to possess; own; hold for use; contain,가지다
332,G3,helpful,[ˈhɛlpfəl],,adjective,giving or rendering aid or assistance; of service.,도움이되는
333,G3,hierarchy,[ˈhaɪ(ə)ɹɑɹki],[ˈhaɪ(ə)ɹɑki],noun,any system of persons or things ranked one above another.,계층
334,G5,high school student,[ˈhaɪskulstudənt],,noun,a person enrolled in a high school,고등학교 학생
335,G2,hippopotamus,[hɪpəˈpɒtəməs],,noun,a large herbivorous mammal,하마
336,G6,homogenize,[həˈmɑːdʒənaɪz],[həˈmɒdʒ.ɪ.naɪz],verb,to form by blending unlike elements; make homogeneous.,균질이 되게 하다
337,G3,homograph,[ˈhɑməˌɡræf],[ˈhoʊməˌɡræf],N,"same spelling, diff. meaning",동음어
338,G4,homonym,[ˈhɑːmənɪm],[ˈhɒmənɪm],Noun,a word that is spelt like another word (or pronounced like it) but that has a different meaning,동음이의어
339,G4,homonymy,[həˈmɑnɪmi],[hoʊˈmɑnəmi],Noun,"the relationship between homonyms, or words that are spelled or pronounced in the same way.",동음이의관계
340,G3,homophonous,[hoʊˈmɑfənəs],,Adj,same pronunciation,동음의
341,G1,honest,[ˈɑ.nɪst],,adjective,not lying or cheating.,정직한
342,G4,honor,[ˈɒn ər],[ˈɒnə],Noun,"honesty, fairness, or integrity in one's beliefs and actions.",명예
343,G4,honorific,[ˌɒn əˈrɪf ɪk],,Adjective,"conveying honor, as a title or a grammatical form used in speaking to or about a superior, elder, etc",명예를 주는
344,G2,horizon,[həˈraɪzən],,noun,the line or circle that forms the apparent boundary between earth and sky.,수평선
345,G5,hostile,[ˈhɒstl],,adjective,"of, relating to, or characteristic of an enemy.",적대적인
346,G3,hotel,[hoʊˈtɛl],,noun,"a commercial establishment offering lodging to travelers and sometimes to permanent residents, and often having restaurants, meeting rooms, stores, etc.",호텔
347,G4,human,[hjumən],,Adjective/Noun,consisting of people./a human being.,인간의/인간
348,G4,humanist,[ˈhju mə nɪst],,Noun,"a person having a strong interest in or concern for human welfare, values, and dignity.",인문주의자
349,G4,humid,[ˈhjuːmɪd],,Adjective,(of the air or climate) warm and slightly wet,습한
350,G4,humidity,[hjuːˈmɪdəti],,Noun,the amount of water in the air,습도
351,G1,husband,[ˈhʌz.bənd],,noun,"a married man, especially when considered in relation to his partner in marriage.",남편
352,G3,hygiene,[ˈhaɪˌdʒin],,noun,"a condition or practice conducive to the preservation of health, as cleanliness.",위생
353,G5,hyphen,[ˈhaɪfən],,noun,the punctuation mark (-),하이픈
354,G3,identify,[aɪˈdɛntəfaɪ],,verb,to recognize or establish as being a particular person or thing,식별하다
355,G3,illustrate,[ˈɪləstreɪt],[ɪˈlʌstreɪt],verb,"to make clear or intelligible, as by examples or analogies",예시를 통해 설명하다
356,G5,imaginary,[ɪˈmædʒənɛri],[ɪˈmædʒɪnərɪ],adjective,existing in the imagination,상상의
357,G6,imagination,[ɪˌmædʒəˈneɪʃən],,noun,the faculty of imagining,상상력
358,G6,imaginative,[ɪˈmædʒənətɪv],[ɪˈmædʒɪnətɪv],adjective,"of, relating to, or concerned with imagination",상상력이 풍부한
359,G5,immediately,[ɪˈmidiɪtli],,adverb,without lapse of time; without delay; instantly; at once,즉시
360,G2,implant,[ɪmˈplɑnt],,verb,to place something deeply and firmly inside a body or a person’s mind,심다
361,G2,import,[ˈɪmpɔt],[ˈɪmpɔrt],verb,to bring something that is made in another country into your country for people to buy,수입하다
362,G2,import,[ˈɪmpɔrt],,verb,to bring something that is made in another country into your country for people to buy,수입하다
363,G6,include,[ɪnˈklud],,verb,"to contain, as a whole does parts or any part or element",포함하다
364,G2,increase,[ɪnˈkris],,verb,to get bigger or to make something bigger,증가하다
365,G2,indiana,[ɪndiˈænə],,noun,state of USA,인디애나
366,G5,infirmary,[ɪnˈfɜr mə ri],,noun,"a place for the care of the infirm, sick, or injured; hospital or facility serving as a hospital",의무실
367,G5,inflate,[ɪnˈfleɪt],,verb,to fill with air,부풀리다
368,G5,inhibitory,[ɪnˈhɪbɪtɔri],,adjective,"acting to restrain, hinder, arrest, check, or prohibit an action, impulse",억제하는
369,G5,initial,[ɪˈnɪʃəl],,adjective,happening at the beginning,처음의
370,G5,initially,[ɪˈnɪʃəli],,adverb,at the beginning,처음에
371,G5,inquiry,[ˈɪnkwəri],[ɪnˈkwaɪərɪ],noun,a request for information,문의
372,G4,insect,[ˈɪnsεkt],,Noun,any small creature with six legs and a body divided into three parts.,곤충
373,G4,insecticide,[ɪnˈsεktɪsaɪd],,Noun,a chemical used for killing insects,살충제
374,G2,insert,[ɪnˈsɜrt],,verb,to put something into something else,~에 넣다
375,G2,insult,[ɪnˈsʌlt],,verb,to say or do something rude to someone and upset them,모욕하다
376,G1,intend,[ɪnˈtɛnd],,noun,to have in mind as something to be done or brought about; plan,의도하다
377,G2,intend,[ɪnˈtend],,verb,to want and plan to do something,의도하다
378,G1,intense,[ɪnˈtɛns],,adjective,existing or occurring in a high or extreme degree.,극심한
379,G2,interfere,[ɪntərˈfɪər],,verb,to try to become involved in a situation that you should not be involved in,간섭하다
380,G5,involve,[ɪnˈvɒlv],,verb,"to include as a necessary circumstance, condition, or consequence",수반하다
381,G5,item,[ˈaɪtəm],['aɪtɛm],noun,a single thing,항목
382,G5,ivory,[ˈaɪvəri],,noun,"the hard white substance, a variety of dentin",상아
383,G5,jack-in-the-box,[ˈdʒækɪnðebɑks],,noun,a toy consisting of a box from which an enclosed figure springs up when the lid is opened,뚜껑을 열면 용수철에 달린 인형 등이 튀어나오는 장난감
384,G1,Japan,[dʒəˈpæn],,noun,a constitutional monarchy on a chain of islands off the eastern coast of Asia.,일본
385,G4,Japan,[dʒəˈpæn],,Noun,"any of various hard, durable, black varnishes, originally from Japan, for coating wood, metal, or other surfaces.",일본
386,G4,Japanese,[ˌdʒæpəˈniːz],,Adjective/Noun,"of, relating to, or characteristic of Japan, its people, or their language","일본의/일본인,일본어"
387,G5,join,[ˈdʒɔɪn],,verb,to bring or put together,결합하다
388,G1,July,[dʒuˈlaɪ],[dʒəˈlaɪ],noun,"the seventh month of the year, containing 31 days.",7월
389,G1,kangaroo,[ ˌkæŋ gəˈru ],,noun,"any herbivorous marsupial of the family Macropodidae, of Australia and adjacent islands, having a small head, short forelimbs, powerful hind legs used for leaping, and a long, thick tail:",캥거루
390,G2,kangaroo,[kæŋgəˈru],,noun,"any herbivorous marsupial of the family Macropodidae, of Australia and adjacent islands, having a small head, short forelimbs, powerful hind legs used for leaping, and a long, thick tail",캥거루
391,G5,keep,[ˈkip],,verb,to cause to continue in a given position or state,유지하다
392,G2,kentucky,[kənˈtʌki],,noun,city in USA,캔터키
393,G4,kitchen,[ˈkɪtʃ ən],[ˈkɪtʃɪn],Noun,a room or place equipped for cooking.,부엌
394,G4,kitchenette,[ˌkɪtʃ əˈnɛt],[ˌkɪtʃɪˈnɛt],Noun,"a very small, compact kitchen.",간이 부엌
395,G4,labor,[ˈleɪbər],,"Noun, Verb","Noun. work, especially physical work
Verb. to try very hard to do something difficult","Noun. (육체적인) 일
Verb. 일하다"
396,G5,laboratory,[ˈlæbrətɔri],[ləˈbɒrətərɪ],noun,"a building equipped to conduct scientific experiments, tests, investigations",실험실
397,G4,laborious,[ləˈbɔːriəs],,Adjective,taking a lot of time and effort,많은 시간과 노력이 드는
398,G5,Lake Erie,[leɪkˈɪri],,noun,one of the Great Lakes on the border between the US and Canada,이리 호
399,G5,language,[ˈlæŋgwɪdʒ],,noun,the system of linguistic signs or symbols considered in the abstract,언어
400,G4,laryngitis,[ˌlær ənˈdʒaɪ tɪs],,Noun,"inflammation of the larynx, often with accompanying sore throat, hoarseness or loss of voice, and dry cough.",후두염
401,G4,larynx,[ˈlær ɪŋks],,Noun,"Anatomy., a muscular and cartilaginous structure lined with mucous membrane at the upper part of the trachea in humans, in which the vocal cords are located.",후두
402,G5,last,['lɑst],[ˈlæst],adjective,final,마지막의
403,G5,legendary,[ˈlɛdʒəndɛri],,adjective,of or relating to legend,전설적인
404,G4,lemon,[ˈlɛm ən],,Noun/Adjective,"the yellowish, acid fruit of a subtropical citrus tree, Citrus limon",레몬/레몬의
405,G4,lemonade,[ˌlɛm əˈneɪd],,Noun,"a beverage consisting of lemon juice, sweetener, and water, sometimes carbonated.",레몬에이드
406,G5,lend,[ˈlɛnd],,verb,to adapt (oneself or itself ) to something,적합하다
407,G4,librarian,[laɪˈbrεriən],[laɪˈbrεəriən],Noun,a person who is in charge of or works in a library,사서
408,G4,library,[ˈlaɪbrεri],[ˈlaɪbrəri],Noun,"a building in which collections of books, newspapers, etc. and sometimes films and recorded music are kept for people to read, study or borrow",도서관
409,G4,lion,[ˈlaɪ ən],,Noun,"a large, usually tawny-yellow cat, Panthera leo,",사자
410,G4,lioness,[ˈlaɪ ə nɪs],,Noun,a female lion.,암사자
411,G5,list,[lɪst],,noun,a series of items,목록
412,G5,literary,[ˈlɪtərɛri],,adjective,pertaining to or of the nature of books and writing,문학의
413,G5,locate,[ˈloʊ keɪt],[ ləʊˈkeɪt ],verb,to find a position,위치를 찾아내다
414,G5,long,[ˈlɔŋ],[ˈlɑŋ],adjective,containing many items or units,긴 (많은 항목을 포함하는)
415,G5,lottery,[ˈlɒtəri],,noun,a method of raising money by selling numbered tickets and giving a proportion of the money raised to holders of numbers drawn at random,복권
416,G2,louisiana,[luiziˈænə],,noun,city in USA,루이지애나
417,G4,lunatic,[ˈluːnətɪk],,"Noun, Adjective","Noun. a person who does crazy things that are often dangerous
Adjective. crazy, silly or extremely stupid","Noun. 미치광이
Adjective. 미친, 터무니없는"
418,G6,macaroni,[ˌmækəˈroʊni],[ˌmakəˈrəʊni],noun,"small, tubular pasta prepared from wheat flour",마카로니
419,G1,machine,[məˈʃin],,noun,an apparatus consisting of interrelated parts that performs work.,기계
420,G2,magazine,[mægəˈzin],[ˈmægəzin],noun,"a publication that is issued periodically, usually bound in a paper cover",잡지
421,G5,magazine,['mæɡəzin],[mæɡəˈzin],noun,a publication with articles,잡지
422,G5,main,[meɪn],,adjective,"chief in size, extent, or importance",가장 큰
423,G6,management,[ˈmænɪdʒmənt],,noun,the act or manner of managing,"경영, 운영, 관리"
424,G6,managerial,[ˌmænɪˈdʒɪriəl],[ˌmænɪˈdʒɪəriəl],adjective,relating to management or managers,경영의
425,G5,mandatory,[ˈmændətɔri],,adjective,authoritatively ordered; obligatory; compulsory,의무적인
426,G2,mania,[ˈmeɪniə],,noun,"1. an extremely strong desire or enthusiasm for something, often shared by a lot of people at the same time. 2. mental illness in which somebody feels extremely active and excited with a lot of energy, may not feel like sleeping or eating, and may see or believe things that are not real","1. 애호가, 광, 열광자2. 광기(정신병)"
427,G3,martini,[mɑrˈti ni],[mɑˈti ni],noun,a cocktail made with gin or vodka and dry vermouth,마티니
428,G5,matchbox,[ˈmætʃbɒks],,noun,"a small box, usually of cardboard, for matches",성냥갑
429,G5,matrimony,[ˈmætrəmoʊni],,noun,the state of being married; marriage,결혼
430,G2,mayonnaise,[meɪəˈneɪz],[ˈmeɪəneɪz],noun,"a thick dressing of egg yolks, vinegar or lemon juice, oil, and seasonings, used for salads, sandwiches, vegetable dishes, etc.",마요네즈
431,G5,migrate,[ˈmaɪɡreɪt],[maɪ'ɡreɪt],verb,to move from one place to another,이주하다
432,G5,military,[ˈmɪlɪtɛri],,adjective,"of, for, or pertaining to the army or armed forces",군대의
433,G4,million,[ˈmɪljən],,Noun/Adjective,"a cardinal number, a thousand times one thousand.",백만
434,G4,millionaire,[ˌmɪljəˈnɛər],[ˌmɪljəˈnɛə],Noun,"a person whose wealth amounts to a million or more in some unit of currency, as dollars.",백만장자
435,G2,milwaukee,[mɪlˈwɔki],,noun,city of USA,밀워키
436,G6,mineralogy,[ˌmɪnəˈrɒlədʒi],[ˌmɪnəˈrælədʒi],noun,the branch of geology concerned with the study of minerals,광물학
437,G6,missile,[ˈmɪsəl],[ˈmɪs·aɪl],noun,"an object or weapon for throwing, hurling, or shooting, as a stone, bullet, or arrow.",미사일
438,G6,mobile,[ˈmoʊbəl],[ˈməʊ·baɪl],adjective,capable of moving or being moved readily.,이동식의
439,G6,modality,[moʊˈdælɪti],[mə(ʊ)ˈdalɪti],noun,the quality or state of being modal.,양식
440,G4,moment,[ˈmoʊmənt],,Noun,a very short period of time,순간
441,G5,momentary,[ˈmoʊməntɛri],,adjective,lasting but a moment; very brief; fleeting,순간의
442,G4,momentous,[moʊˈmεntəs],[məˈmεntəs],Adjective,"very important or serious, especially because there may be important results",중대한
443,G5,monastery,[ˈmɒnəstɛri],[mɒnəˈstɪərɪəl],noun,a house or place of residence occupied by a community of persons,수도원
444,G5,monetary,[ˈmʌnɪtɛri],,adjective,of or relating to the coinage or currency of a country,화폐의
445,G2,montana,[mɑnˈtænə],,noun,state of USA,몬타냐
446,G2,morocco,[məˈrɑkoʊ],[məˈrɒkoʊ],noun,country in Africa,모로코
447,G5,morpheme,[ˈmɔrfim],[ˈmɔfim],noun,any of the minimal grammatical units of a language,형태
448,G5,most,[moʊst],,adjective,"in the greatest quantity, amount, measure, degree, or number",가장
449,G5,mother-in-law,[ˈmʌðərɪnlɔ],,noun,the mother of one's spouse,배우자의 어머니
450,G6,motivate,[ˈmoʊtəˌveɪt],[ˈməʊtɪˌveɪt],verb,"to provide with a motive, or a cause or reason to act",(행동 등의)원인이 되다
451,G5,Mount Sinai,[maʊntˈsaɪnaɪ],,noun,a mountain on the Sinai Peninsula of Egypt,시나이산
452,G4,mountain,[ˈmaʊn tn],[ˈmaʊntɪn],Noun,"a natural elevation of the earth's surface rising more or less abruptly to a summit, and attaining an altitude greater than that of a hill, usually greater than 2,000 feet (610 meters).",산
453,G4,mountaineer,[ˌmaʊn tnˈɪər],[ˌmaʊntɪˈnɪə],Noun,an inhabitant of a mountainous district,산지 사람
454,G5,moustache,[ˈmʌstæʃ],[məˈstɑʃ],noun,hair above the upper lip,콧수염
455,G6,movement,[ˈmuvmənt],,noun,"the act, process, or result of moving",움직임
456,G1,mundane,[mʌnˈdeɪn],[ˈmʌndeɪn],adjective,common; ordinary; banal; unimaginative.,일상적인
457,G5,mutate,[ˈmjuteɪt],[mju'teɪtɪv],verb,to change genetically,돌연변이가 되다
458,G6,mythical,[ˈmɪθɪkəl],,adjective,based on or described in a myth,"신화 속에 나오는, 사실이 아닌"
459,G5,name,[neɪm]],,noun,"a word or a combination of words by which a person, place, etc.",이름름
460,G4,nation,[ˈneɪ ʃən],,Noun,"a large body of people, associated with a particular territory, the territory or country itself.","국민, 국가"
461,G4,nationhood,[ˈneɪ ʃənˌhʊd],,Noun,the state or quality of having status as a separate and independent nation.,독립국의 지위
462,G5,nationwide,[ˈneɪʃənwaɪd],,adjective,extending throoughout the nation,전국적인
463,G5,necessary,[ˈnɛsəsɛri],[ˈnɛsɪsərɪ],adjective,needed,필요한
464,G6,necessary,[ˈnɛsəˌsɛri],,adjective,"essential, indispensable, or requisite.",필수적인
465,G5,negate,[nɪˈɡeɪt],[ˈnɛg eɪt ],verb,to make ineffective,무효화하다
466,G6,neutralize,[ˈnutrəˌlaɪz],[ˈnyutrəˌlaɪz],verb,to stop (someone or something) from being effective or harmful,"중립화하다, 무효화시키다

"
467,G5,noun,[naʊn],,noun,"any member of a class of words that can function as the main or only elements of subjects of verbs, or of objects of verbs or prepositions",명사
468,G5,number,[ˈnʌmbər],[ˈnʌmbə],noun,a symbol for quantity,숫자
469,G3,numerical,[nuˈmɛrɪkəl],,adjective,of or relating to numbers,수치적인
470,G1,obscene,[əbˈsin],,adjective,offensive to morality or decency; indecent; depraved.,외설적인
471,G1,obscure,[əbˈskyʊər],,adjective,"(of meaning) not clear or plain; ambiguous, vague, or uncertain.",모호한
472,G5,observatory,[əbˈzɜrvətɔri],,noun,"a place or building equipped and used for making observations of astronomical, meteorological, or other natural phenomena",천문대
473,G1,obtain,[əbˈteɪn],,noun,"to come into possession of; get, acquire, or procure, as through an effort or by a request.",얻다
474,G5,obtain,[əbˈteɪn],,verb,"to come into possession of; get, acquire, or procure, as through an effort or by a request",얻다
475,G1,okay,[ˌoʊˈkeɪ],[ˈoʊˌkeɪ],adjective,all right; acceptable; in an acceptable way.,괜찮은
476,G5,one,[wʌn],,adjective,"existing, acting, or considered as a single unit, entity, or individual",하나의
477,G6,opera,[ˈɑpərə],[ˈɒpərə],noun,a kind of performance in which actors sing all or most of the words of a play with music performed by an orchestra,오페라
478,G6,operatic,[ˌɑpəˈrӕtɪk],[ˌɒpəˈrætɪk],adjective,of or relating to opera,오페라 같은
479,G5,ordinary,[ˈɔrdnɛri],,adjective,of common or established type or occurrence,보통의
480,G1,origin,[ˈɔr ɪ dʒɪn],[ˈɒrɪ dʒɪn],noun,something from which anything arises or is derived; source; fountainhead.,기원
481,G2,origin,[ˈɔrɪdʒɪn],[ˈɒrɪdʒɪn],noun,something from which anything arises or is derived; source; fountainhead.,기원
482,G5,origin,[ˈɔrɪdʒɪn],,noun,ancestry; parentage; extraction,근원
483,G1,original,[əˈrɪdʒ ə nl ],,"adjective, noun","belonging or pertaining to the origin or beginning of something, or to a thing at its beginning.","원래의, 독창적인, 원본"
484,G1,originality,[ əˌrɪdʒ əˈnæl ɪ ti ],,noun,the quality or state of being original.,독창성
485,G2,osaka,['oʊsəkə],,noun,city in Japan,오사카
486,G5,overdose,[ˈoʊvərdoʊs],[oʊvərˈdoʊs],noun,an excessive dose,과다 복용
487,G5,overripe,[ˈoʊvərraɪp],,adjective,too ripe; more than ripe,지나치게 익은
488,G5,oversleep,[oʊvərˈslip],,verb,to sleep beyond the proper or intended time of waking,늦잠 자다
489,G1,parade,[pəˈreɪd],,noun,a large public procession.,가두 행진
490,G5,particle,[ˈpɑrtɪkəl],[ˈpɑtɪkəl],noun,"one of the major form classes, or parts of speech, consisting of words that are neither nouns nor verbs, or of all uninflected words",불변화사
491,G6,pathology,[pəˈθɑlədʒi],[pəˈθɒlədʒɪ],noun,"the science or the study of the origin, nature, and course of diseases",병리학
492,G5,patterns,['pætərnz],,noun,"a combination of qualities, acts, tendencies, etc., forming a consistent or characteristic arrangement",규칙
493,G6,pedigree,[ˈpɛdɪˌgri],,noun,an ancestral line,가문
494,G5,penult,[ˈpinʌlt],[pɪˈnʌlt],noun,the next to the last syllable in a word,끝에서 두 번째 음절
495,G3,"penult
",[ˈpɛnʌlt],,N,second-to-last syllable,끝에서 두 번째 음절
496,G1,perfect,[ˈpɜr.fɪkt],[ˈpɜ.fɪkt],adjective,matching in every detail the definition of an ideal type of something.,완벽한
497,G2,period,[ˈpɪəriəd],,noun,"1. a particular length of time2.a length of time in the life of a particular person or in the history of a particular country3.a length of time which is a division of an era. A period is divided into epochs.4.any of the parts that a day is divided into at a school, college, etc. for study5.he flow of blood each month from the body of a woman who is not pregnant6.the mark ( . ) used at the end of a sentence and in some abbreviations, for example e.g.","기간, 시대(Ex 중세시대),시대 (쥬라기,백악기), 기간(자습기간), 월경, 방점(마침표)"
498,G4,period,[ˈpɪriəd],[ˈpɪəriəd],"Noun, Adjective, Adverb","Noun. a particular length of time
Adjective. having a style typical of a particular time in history
Adverb. used at the end of a sentence to emphasize that there is nothing more to say about a subject","Noun. 기간, 시기
Adjective. 시대적인, 시대상의
Adverb. 더 이상 그만 말할 수 있게"
499,G4,periodic,[ˌpɪriˈɑːdɪk],[ˌpɪəriˈɒdɪk],Adjective,happening fairly often and regularly,주기적인
500,G2,permit,[pəˈmɪt],,verb,to allow something,허가하다
501,G4,person,[ˈpɜːrsn],[ˈpɜːsn],Noun,a human as an individual,사람
502,G4,personify,[pərˈsɑːnɪfaɪ],[pəˈsɒnɪfaɪ],Verb,"to be an example of a quality or characteristic, or to have a lot of it",~을 전형적으로 보여주다
503,G6,persuade,[pərˈsweɪd],[pəˈsweɪd],verb,"to prevail on (a person) to do something, as by advising or urging",설득하다
504,G5,phonate,[ˈfoʊneɪt],[fəʊˈneɪt],verb,to produce vocal sound,발성하다
505,G5,phonecard,[ˈfəʊnkɑd],,noun,a card for use in a cardphone that operates for the number or duration of calls,공중전화 카드
506,G6,phonological,[ˌfoʊnlˈɒdʒɪkəl],[ˌfɒn lˈɒdʒ ɪ kəl],adjective,of or relating to phonology,음운론적
507,G1,photograph,[ˈfoʊ təˌgræf],[ˈfoʊ təˌgrɑf ],"noun, adjective",a picture produced by photography.,"사진, ~의 사진을 찍다"
508,G1,photographic,[ˌfoʊ təˈgræf ɪk ],,adjective,of or relating to photography.,사진의
509,G3,photographic,[foʊtəˈgræfɪk],,adjective,of or relating to photography.,사진의
510,G3,"photographic
",[ˌfoʊtəˈɡræfɪk],,Adj,related to photography,사진의
511,G1,photography,[fəˈtɒg rə fi ],,noun,"the process or art of producing images of objects on sensitized surfaces by the chemical action of light or of other forms of radiant energy, as x-rays, gamma rays, or cosmic rays.","사진술, 사진찍기"
512,G3,photography,[fəˈtɑgrəfi],,noun,"the process or art of producing images of objects on sensitized surfaces by the chemical action of light or of other forms of radiant energy, as x-rays, gamma rays, or cosmic rays.",사진 촬영
513,G3,"photography
",[fəˈtɑɡrəfi],,N,art of taking photos,사진술
514,G5,pick up truck,[ˈpɪkʌptrʌk],,noun,"a small truck with an open body and low sides, used for light deliveries",소형 트럭
515,G4,picture,[ˈpɪk tʃər],[ˈpɪktʃə],,"a visual representation of a person, object, or scene, as a painting, drawing, photograph, etc..",그림
516,G4,picturesque,[ˌpɪk tʃəˈrɛsk],,Adjective,"visually charming or quaint, as if resembling or suitable for a painting.",그림같은
517,G3,pitch,[pɪtʃ],,verb,"to set at a certain point, degree, level, etc..",높낮이를 두다
518,G3,"pitch
",[pɪtʃ],,N,highness/lowness,음높이
519,G5,plateau,[plæˈtoʊ],[ˈplætoʊ],noun,a period or state of little or no growth or decline,정체기
520,G4,play,[pleɪ],,Verb/Noun,to function or perform in a game or competition./a dramatic composition or piece; drama.,"놀다,하다/연극"
521,G4,player,[ˈpleɪ ər],[ˈpleɪə],Noun,a person who participates in or is skilled at some game or sport,"참가자, 선수"
522,G2,policy,[ˈpɒləsi],,noun,"a definite course of action adopted for the sake of expediency, facility, etc..",정책
523,G5,Portuguese,[ˈpɔr tʃəgiz],[pɔrtʃʊˈɡiz],adjective,related to Portugal,포르투갈의
524,G3,possibility,[pɑsəˈbɪlɪti],,noun,the state or fact of being possible.,가능성
525,G5,postman,[ˈpoʊstmən],,noun,a postal employee who carries and delivers mail,우체부
526,G5,potluck,[ˈpɒtlʌk],[pɒt'lʌk],noun,food or a meal that happens to be available without special preparation or purchase.,음식 나눔 파티
527,G5,practice,[ˈpræktɪs],,noun,habitual or customary performance,관행
528,G1,precise,[prɪˈsaɪs],,adjective,"definitely or strictly stated, defined, or fixed.",정확한
529,G2,predict,[prɪˈdɪkt],,verb,to say what you think will happen in the future,예측하다
530,G3,predominantly,[prɪˈdɑmɪnəntlɪ],,adverb,for the most part; mostly; mainly,대부분
531,G5,premier,[prɪˈmɪər],[ˈprimɪər],noun,prime minister,수상
532,G5,preposition,[prɛpəˈzɪʃən],,noun,"a class of words to form phrases functioning as modifiers of verbs, nouns, or adjectives, and that typically express a spatial, temporal, or other relationship",전치사
533,G5,previous,[ˈpriviəs],,adjective,coming or occuring before something else; prior,이전의
534,G3,primary,[ˈpraɪmɛri],[ˈpraɪməri],adjective,first or highest in rank or importance; chief; principal.,주된
535,G5,primary,[ˈpraɪmɛri],[ˈpraɪmərɪ],adjective,first or highest in rank or importance,주된
536,G3,"primary
",[ˈpraɪˌmɛri],,Adj,"main, principal",주요한
537,G5,princess,[ˈprɪnsɪs],[prɪn'sɛs],noun,the daughter of a king or queen,공주
538,G6,principality,[ˌprɪnsəˈpælɪti],[ˌprɪnsɪˈpælɪtɪ],noun,a small area or country that is ruled by a prince,공국
539,G6,principle,[ˈprɪnsəpəl],[ˈprɪnsɪpəl],noun,an accepted or professed rule of action or conduct,원리
540,G1,probability,[prɒb əˈbɪl ɪ ti],,noun,the quality or fact of being probable.,"개연성, 확률"
541,G6,profile,[ˈproʊfaɪl],[ˈprəʊ.faɪl],noun,"the outline or contour of the human face, especially the face viewed from one side.",옆얼굴
542,G6,profundity,[prəˈfʌndɪti],,noun,the quality of showing great knowledge or understanding,"깊이, 심각함"
543,G2,progress,[prəˈɡres],,verb,to improve,향상하다
544,G2,project,[ˈprɑdʒekt],,verb,to estimate a future result based on current information or trends,예상하다
545,G3,"prominence
",[ˈprɑmənəns],,N,"importance
",두드러짐
546,G3,prominet,[ˈprɑmənənt],,adjective,standing out so as to be seen easily; particularly noticeable,눈에 띄는
547,G3,promise,[ˈprɑmɪs],,N/V,assurance; to assure,약속; 약속하다
548,G5,promissory,[ˈprɒməsɔri],,adjective,containing or implying a promise,약속하는
549,G3,pronunciation,[prə nʌn siˈeɪ ʃən],,noun,"the act or result of producing the sounds of speech, including articulation, stress, and intonation",발음
550,G1,proper,[ˈprɑ.pər],[ˈprɑ.pə],adjective,adapted or appropriate to the purpose or circumstances,적절한
551,G1,proposal,[ prəˈpoʊ zəl ],,noun,"the act of offering or suggesting something for acceptance, adoption, or performance.","제안, 청혼"
552,G2,protest,[ˈproʊtest],,verb,"to show that you disagree with something by standing somewhere, shouting, carrying signs, etc",시위하다다
553,G3,"protest
",[ˈproʊtɛst] (N),[prəˈtɛst] (V),N/V,demonstration; to object,항의; 항의하다
554,G6,protestation,[ˌprɒtəˈsteɪʃən],[ˌproʊ təˈsteɪ ʃən],noun,the act of protesting or affirming,주장
555,G5,pulsate,[ˈpʌlseɪt],[pʌlˈseɪt],verb,to beat or expand rhythmically,고동치다
556,G2,punish,[ˈpʌnɪʃ],,verb,to make someone suffer because they have done something bad,벌주다
557,G6,punishable,[ˈpʌnɪʃəbəl],,adjective,"able to be punished, calling for or deserving punishment

",처벌할 수 있는
558,G3,rabel,[ˈrɛbəl] (N),[rɪˈbɛl] (V),N/V,insurgent; resist,반역자; 반항하다
559,G3,raccoon,[ræˈkun],,noun,"a nocturnal omnivore, Procyon lotor, the largest member of the family Procyonidae, having a masklike black stripe across the eyes, a sharp snout, a bushy, ringed tail, and very dexterous front paws",라쿤
560,G1,ready,[ˈre.di],,adjective,completely prepared or in fit condition for immediate action or use.,준비된
561,G4,realization,[ˌri ə ləˈzeɪ ʃən],,Noun,"the making or being made real of something imagined, planned, etc.",실현
562,G4,realize,[ˈri əˌlaɪz],,Verb,to grasp or understand clearly.,깨닫다
563,G6,realize,[ˈriəˌlaɪz],[ˈrɪəlʌɪz],verb,to grasp or understand clearly,깨닫다
564,G6,reasonable,[ˈrizənəbəl],,adjective,agreeable to reason or sound judgment,합리적인
565,G2,rebel,[ˈreb.əl],,verb,to refuse to obey rules,반란을 일으키다
566,G5,receive,[rɪˈsiv],,verb,to take into one's possession,받다
567,G5,recess,[ˈrisɛs],[rɪˈsɛs],noun,a short break,휴식 시간
568,G6,recessional,[rɪˈsɛʃənl],,adjective,relating to an economic recession,"휴정의, 퇴장의"
569,G6,recognize,[ˈrɛkəgˌnaɪz],[ˈrɛkəɡnʌɪz],verb,"to identify as something or someone previously seen, known, etc..",알아보다
570,G3,reconciliation,[rɛ kən sɪ liˈeɪ ʃən],,noun,"the act of coming to an understanding and putting an end to hostility, as when former enemies agree to an amicable truce.",화해
571,G5,red hot,[ˈrɛdhɑt],,adjective,red with heat; very hot,뻘겋게 달아오른
572,G5,reduced,[rɪˈdust],[rɪˈdjust],adjective,made smaller,줄어든
573,G3,reduction,[rɪˈdʌkʃən],,N,"the act of making something smaller or less, (phonetics) weakening of vowels in unstressed syllables","축소, 감소, 모음 약화"
574,G3,reduction,[rɪˈdʌkʃən],,noun,the act of reducing or the state of being reduced.,약화
575,G5,reformatory,[rɪˈfɔrmətərɪ],,adjective,serving or designed to reform: reformatory punishments,개선하는
576,G2,refund,[rɪˈfʌnd],,verb,to give back money that someone has paid to you,환불하다
577,G2,refuse,[rɪˈfjuz],,verb,to say that you will not do or accept something,거절하다
578,G3,refuse,[ˈrɛfjuːs] (N),[rɪˈfjuːz] (V),N/V,trash; to decline,쓰레기; 거절하다
579,G2,reject,[rɪˈdʒekt],,verb,to refuse to accept or agree with something,거절하다
580,G6,reject,"[rɪˈdʒɛkt], [ˈridʒɛkt]",,verb/noun,"to refuse to have, take, recognize, etc./something rejected, as an imperfect article",거부하다/거부
581,G5,relate,[rɪˈleɪt],,verb,to connect things,관련시키다
582,G2,reply,[rɪˈplaɪ],,verb,to answer,대답하다
583,G6,reptile,[ˈrɛptaɪl],[ˈrep.taɪl],noun,an animal that produces eggs and uses the heat of the sun to control its blood temperature,파충류
584,G2,rescue,[ˈreskju],,verb,to save someone or something from a dangerous situation,구하다
585,G5,research,[ˈrisərtʃ],[rɪˈsɜtʃ ],noun,careful study to discover new information,연구
586,G6,resignation,[ˌrɛzɪgˈneɪʃən],,noun,the act of resigning,사직
587,G3,result,[rɪˈzʌlt],,N/V,outcome; occur,결과; (~의 결과로) 발생하다
588,G6,resumption,[rɪˈzʌmpʃən],,noun,the act of resuming,재개
589,G2,retard,[rɪˈtɑd],,verb,to make something slower,지연시키다
590,G5,reverse,[rɪˈvɜrs],,verb,to change something to the opposite direction,뒤집다
591,G3,rhinoceros,[raɪˈnɑ sərəs],,noun,"any of several large, thick-skinned, perissodactyl mammals of the family Rhinocerotidae",코뿔소
592,G1,robust,[roʊˈbʌst],[ˈroʊbʌst],adjective,strong and healthy; hardy; vigorous.,원기 왕성한
593,G5,root,[rut],[rʊt],noun,a morpheme that underlies an inflectional or derivational paradigm,어근
594,G5,rotate,[ˈroʊteɪt],[roʊˈteɪt],verb,to turn around a point,회전하다
595,G5,rule,[rul],,noun,"a principle or regulation governing conduct, action, procedure, arrangement, etc.",규칙
596,G5,salary,[ˈsæləri],,noun,"a fixed regular payment made by an employer, often monthly, for professional or office work as opposed to manual work Compare",월급
597,G5,salon,[səˈlɔn],[ˈsælɒn],noun,a room in a large house in which guests are received,응접실
598,G5,sanitary,[ˈsænɪtɛri],,adjective,of or relating to health or the conditions affecting health,위생의
599,G1,sardine,[sɑrˈdin],,noun,"a small, young, sea fish that is either eaten fresh or preserved in cans.",정어리
600,G3,sardine,[sɑrˈdin],,noun,"the pilchard, Sardina pilchardus, often preserved in oil and used for food.",정어리
601,G2,savannah,[səˈvænə],,noun,City in USA,사바나
602,G6,saxophone,[ˈsæksəˌfoʊn],,noun,a musical wind instrument consisting of a conical,(악기) 색소폰
603,G5,seasick,[ˈsisɪk],,adjective,afflicted with seasickness,멀미로 고생하는
604,G2,seattle,[siˈætəl],,noun,city in USA,시애틀
605,G5,second,[ˈsɛkənd],,adjective,next after the first,두 번째의
606,G3,secondary,[ˈsɛkənˌdɛri],,Adj,less important,2차적인
607,G3,secondary,[ˈsɛkəndɛri],,adjective,"relating to, or characteristic of a secondary accent.",이차 강세
608,G5,secondary,[ˈsekəndɛri],['sɛkəndərɪ ],adjective,less important; second level,부차적인
609,G5,secretary,[ˈsɛkrɪtɛri],[sɛkrɪˈtɛərɪəl],noun,"a person who handles correspondence, keeps records, and does general clerical work for an individual, organization, etc",비서
610,G1,secure,[sɪˈkyʊər],,adjective,free from or not exposed to danger or harm; safe.,안전한
611,G5,sedentary,[ˈsɛdntɛri],,adjective,characterized by or requiring a sitting position,앉아서 하는
612,G5,seem,[sim],,verb,"to appear to be, feel, do, etc.",인 것 같다
613,G5,semantic,[sɪˈmæntɪk],,adjective,of or relating to semantics,의미론적인
614,G6,senile,[ˈsinaɪl],[ˈsɛn aɪl],adjective,"showing poor mental ability because of old age, especially being unable to think clearly and make decisions",노망든
615,G3,sequence,[ˈsikwəns],,noun,the following of one thing after another; succession.,연속
616,G2,serenade,[sɛrəˈneɪd],,noun,"a complimentary performance of vocal or instrumental music in the open air at night, as by a lover under the window of his lady",세레나데
617,G1,serene,[səˈrin],,adjective,"calm, peaceful, or tranquil; unruffled.",고요한
618,G5,several,[ˈsɛvərəl],,adjective,being more than two but fewer than many in number or kind,몇몇의
619,G1,shampoo,[ʃæmˈpu],,noun,"to wash (the head or hair), especially with a cleaning preparation that does not leave a soap film.",샴푸
620,G5,shift,['ʃɪft],,verb,"to undergo a systematic, especially phonetic, change",바꾸다
621,G5,show,[ʃoʊ],,verb,to cause or allow to be seen; exhibit; display,보여주다
622,G3,silence,[ˈsaɪləns],,N/V,"quietness; to quiet
",침묵; 조용하게 하다
623,G4,silk,[sɪlk],,Noun,the very fine soft lustrous fibre produced by a silkworm to make its cocoon,비단
624,G4,silky,[ˈsɪl ki],[ˈsɪlkɪ ],Adjective,resembling silk in texture; glossy,비단같이 매끄러운
625,G5,similar,[ˈsɪmələr],,adjective,"showing resemblance in qualities, characteristics, or appearance; alike but not identical",비슷한
626,G1,sincere,[sɪnˈsɪər],,adjective,"free of deceit, hypocrisy, or falseness; earnest.",진심의
627,G5,single,[ˈsɪŋɡəl],,adjective,existing alone,단 하나의
628,G1,solid,[ˈsɑ.lɪd],,adjective,"having three dimensions (length, breadth, and thickness), as a geometrical body or figure.",단단한
629,G5,souffle,[su'fleɪ],[ˈsufleɪ],noun,a murmuring or blowing sound heard on auscultation.,잡음
630,G5,space,[speɪs],,noun,extent or area in two dimensions,공간
631,G4,special,[ˈspɛʃ əl],,Adjective/Noun,of a distinct or particular kind or character./a special person or thing.,특별한/특별한 것
632,G4,specialize,[ˈspɛʃ əˌlaɪz],,Verb,"to pursue some special line of study, work, etc",전공하다
633,G4,speed,[spiːd],,"Noun, Verb","Noun. the rate at which somebody/something moves or travels
Verb. to move along quickly","Noun. 속도
Verb. 빨리 가다"
634,G4,speedometer,[spiːˈdɑːmɪtər],,Noun,an instrument in a vehicle which shows how fast the vehicle is going,속도계
635,G5,spelt,[spɛlt],,verb,past tense of spell,spell의 과거형
636,G1,spinach,[ˈspɪ.nɪtʃ],,noun,"a plant, Spinacia oleracea, cultivated for its edible, crinkly or flat leaves.",시금치
637,G5,spoon-feed,[ˈspunfid],,verb,to cause to be spoon-fed,떠먹여 주다
638,G5,stagnate,[ˈstæɡneɪt],[stæɡ'neɪt],verb,to stop developing,정체하다
639,G5,stationary,[ˈsteɪʃənɛri],,adjective,standing still; not moving,정지한
640,G6,sterile,[ˈstɛrɪl],[ˈster·aɪl],adjective,completely clean and without any bacteria,살균 소독한
641,G5,stop watch,[ˈstɒpwɒtʃ],,noun,a watch with a hand or hands that can be stopped or started at any instant,스톱워치
642,G3,stress,[strɛs],,Adj,emphasis; emphasize,강세; 강조하다
643,G3,stress,[strɛs],,noun,"phonetics,  emphasis in the form of prominent relative loudness of a syllable or a word as a result of special effort in utterance.",강세
644,G5,stress,[strɛs],,noun,emphasis in the form of prominent relative loudness of a syllable or a word,강세
645,G2,study,[ˈstʌdi],,verb,"to learn about a subject, usually at school or university",공부하다
646,G2,subject,[ˈsʌbdʒekt],,verb,"to make someone experience or face something, often something difficult",겪게 하다
647,G4,submissive,[səbˈmɪs ɪv],,Adjective,inclined or ready to submit or yield to the authority of another; unresistingly or humbly obedient.,순종적인
648,G4,submit,[səbˈmɪt],,Verb,to give over or yield to the power or authority of another,제출하다
649,G4,substance,[ˈsʌb stəns],,Noun,the tangible matter of which a thing consists,"물질, 본질, 실체"
650,G4,substantial,[səbˈstæn ʃəl],,Adjective,"of ample or considerable amount, quantity, size, etc..","상당한(양, 정도)"
651,G1,sudden,[ˈsʌ.dən],,adjective,"happening, coming, made, or done quickly, without warning, or unexpectedly.",갑작스러운
652,G3,supreme,[suˈprim],,adjective,highest in rank or authority; paramount; sovereign; chief.,최고의
653,G2,surface,[ˈsɜfɪs],[ˈsɜrfəs],verb,to rise to the top,수면으로 올라오다
654,G1,surprise,[ sərˈpraɪz],[səˈpraɪz],"noun, verb","to strike or occur to with a sudden feeling of wonder or astonishment, as through unexpectedness.","뜻밖의 일, 놀라게하다"
655,G3,surprise,[sərˈpraɪz],,N/V,astonishment; to astonish,놀람; 놀라게 하다
656,G2,suspect,[səˈspekt],,verb,to think that someone may have committed a crime or done something else bad,혐의를 의심하다
657,G3,syllable,[ˈsɪləbəl],,noun,a segment of speech,음절
658,G5,syllable,[ˈsɪləbəl],,noun,"an uninterrupted segment of speech consisting of a vowel sound, a diphthong, or a syllabic consonant, with or without preceding or following consonant sounds",음절
659,G3,"syllable
",[ˈsɪləbəl],,N,unit of sound,음절
660,G5,syntactic,[sɪnˈtæktɪk],,adjective,of or relating to syntax,구문론의
661,G3,system,[ˈsɪstəm],,noun,any assemblage or set of correlated members.,체계
662,G3,taboo,[təˈbu],,noun,a prohibition or interdiction of anything; exclusion from use or practice.,금기
663,G2,tallahassee,[tæləˈhæsi],,noun,city in USA,탤러해시
664,G6,teacher,[ˈtitʃər],,noun,someone whose job is to teach in a school or college,선생님
665,G5,teapot,[ˈtipɒt],,noun,"a container with a lid, spout, and handle, in which tea is made and from which it is poured.",찻주전자
666,G6,telephone,[ˈtɛləˌfoʊn],[ˈtɛlɪfəʊn],noun,"an apparatus, system, or process for transmission of sound or speech to a distant point, especially by an electric device",전화기
667,G6,temperature,[ˈtɛmpərətʃər],[ˈtɛmprɪtʃə],noun,"the degree of hotness of a body, substance, or medium",온도
668,G5,temporary,[ˈtɛmpərɛri],,adjective,not permanent; provisional,임시의
669,G5,tendency,[ˈtɛndənsi],[ˈtɛndənsɪ],noun,"a natural or prevailing disposition to move, proceed, or act in some direction or toward some point, end, or result",경향
670,G5,term,[tɜrm],[tɜm],noun,a word or group of words designating something,용어
671,G5,territory,[ˈtɛrɪtɔri],,noun,any tract of land; region or district,영토
672,G6,terrorize,[ˈtɛr əˌraɪz],,verb,to fill or overcome with terror.,공포에 떨게하다
673,G6,testament,[ˈtɛstəmənt],,noun,proof or evidence that something exists or is true,증거
674,G5,testimony,[ˈtɛstəmoʊni],,noun,"Law., the statement or declaration of a witness under oath or affirmation, usually in court",증언
675,G6,testimony,[ˈtɛstəˌmoʊni],[ˈtestɪməni],noun,"the statement or declaration of a witness under oath or affirmation, usually in court","증거, 증언"
676,G2,thermometer,[θərˈmɒmɪtər],,noun,an instrument for measuring temperatur,온도
677,G5,three,[ˈθri],,adjective,amounting to three in number,3
678,G1,Tibet,[tɪˈbɛt],,noun,"an administrative division of China, north of the Himalayas.",티베트
679,G6,tobacco,[təˈbækoʊ],[təˈbakəʊ],noun,"Any plant of the genus Nicotiana, especially those whose leaves are used for smoking, chewing, or snuff",담배
680,G1,tomato,[ təˈmeɪ toʊ],,noun,"any of several plants belonging to the genus Lycopersicon, of the nightshade family, native to Mexico and Central and South America, especially the widely cultivated species L. lycopersicum, bearing a mildly acid, pulpy, usually red fruit eaten raw or cooked as a vegetable.",도마도
681,G2,tomato,[təˈmeɪtoʊ],[təˈmɑtoʊ],noun,red fruit eaten raw or cooked as a vegetable,토마토
682,G3,tonic,[ˈtɑnɪk],,noun,primary stress,주강세
683,G3,"tonic
",[ˈtɑnɪk],,Adj,the main stressed syllable ; primary accent,"주강세, 핵강세"
684,G5,toupee,[tuˈpeɪ],['tupeɪ],noun,a man's wig.,부분 가발
685,G6,transcription,[trænˈskrɪpʃən],,noun,"a written or printed version of something, a transcript",표기
686,G2,transfer,[trænsˈfɜr],,verb,to move someone or something from one place to another,옮기다
687,G6,transistor,[trænˈzɪstər],,noun,"a small device that is used to control the flow of electricity in radios, computers, etc.","증폭 장치, 트랜지스터라디오"
688,G5,translate,['trænsleɪt],[trænzˈleɪt],verb,to change language,번역하다
689,G3,trapeze,[trəˈpiz],,noun,"an apparatus, used in gymnastics and acrobatics, consisting of a short horizontal bar attached to the ends of two suspended ropes.",공중 그네
690,G3,triumph,[ˈtraɪəmf],,N/V,"victory; to win
",승리; 승리하다
691,G5,turn,[tɜrn],[tɜn],verb,to move direction,돌리다
692,G5,two,[tu],,adjective,amounting to two in number,두개의
693,G5,two-syllable,[ˈtusɪləbəl],,noun,two segments of speech,2음절
694,G1,typhoon,[taɪˈfun],,noun,a tropical cyclone in the western Pacific Ocean or northern Indian Ocean.,태풍
695,G3,typhoon,[taɪˈfun],,noun,"a tropical cyclone in the western Pacific Ocean or northern Indian Ocean, having sustained winds of at least 64 knots",태풍
696,G5,undertake,[ʌndərˈteɪk],,verb,"to take upon oneself, as a task, performance, etc.; attempt",책임을 맡아 착수하다
697,G5,underwear,[ˈʌndərwɛər],[ˈʌndəˌwɛə],noun,clothing worn worn next to the skin under outer clothes,속옷
698,G3,unstressed,[ʌnˈstrɛst],,adjective,"without stress or emphasis, as a syllable in a word.",강세가 없는
699,G3,"unstressed
",[ʌnˈstrɛst],,Adj,without stress,비강세의
700,G3,upset,[ˈʌpsɛt] (N),[ʌpˈsɛt] (V),N/V,disturbance; disturb,혼란; 화나게 하다
701,G3,urbanity,[ɚˈbæ nə ti],,noun,the quality of being urbane,도시적 세련됨
702,G5,vacate,[ˈveɪkeɪt],[ve'keɪt],verb,to leave a place,비우다
703,G5,valet,[væ'leɪ],['vælɪt],noun,a male servant who attends to the personal needs of his male employer,"발레파킹 직원, 시종"
704,G5,variety,[vəˈraɪɪti],,noun,a range of different things,다양성
705,G6,vegetarian,[ˌvɛdʒɪˈtɛəriən],,noun,a person who advocates or practises vegetarianism,채식주의자
706,G2,vendetta,[vɛnˈdɛtə],,noun,"1. a long period of violence between two families or groups, in which people are murdered in return for previous murders 2.a long argument or campaign in which one person or group does or says things to harm another","상호 복수, 장기에걸친 불화"
707,G2,venezuela,[vənəˈzwɛlə],,noun,name of country in South America,베네수엘라
708,G5,verb,[vɜrb],[vɜb],noun,any member of a class of words that function as the main elements of predicates,동사사
709,G5,vermouth,[vər'muθ],['vɜməθ],noun,"an aromatized white wine in which herbs, roots, barks, bitters, and other flavorings have been steeped.",베르무트(술 종류)
710,G6,versatile,[ˈvɜrsətl],[ˈvɜː.sə.taɪl],adjective,able to change easily from one activity to another or able to be used for many different purposes:,다용도의
711,G6,veteran,[ˈvɛtərən],,noun,a person who has had a lot of experience of a particular activity:,베테랑
712,G5,vibrate,[ˈvaɪbreɪt],[vaɪ'breɪt],verb,to move rapidly back and forth,진동하다
713,G2,vienna,[viˈɛnə],,noun,Capital of Austria,빈(비엔나)
714,G6,virile,[ˈvɪrəl],[ˈvɪr.aɪl],adjective,"of, pertaining to, characteristic of, or befitting a man; masculine; manly.",남성적인
715,G5,visionary,[ˈvɪʒənɛri],,adjective,"given to or characterized by fanciful, not presently workable, or unpractical ideas, views, or schemes",공상적인
716,G2,visit,[ˈvɪzɪt],,verb,to go somewhere to see someone,방문하다
717,G2,vitamin,[ˈvaɪtəmɪn],[ˈvɪtəmɪn],noun,any of a group of organic substances essential in small quantities to normal metabolism,비타민
718,G3,vowel,[ˈvaʊəl],,noun,"a speech sound produced without occluding, diverting, or obstructing the flow of air from the lungs.",모음
719,G5,vowel,[ˈvaʊəl],,noun,a speech sound with open airflow,모음
720,G1,vulgar,[ˈvʌl.ɡər],[ˈvʌl.ɡə],adjective,characterized by ignorance of or lack of good breeding or taste.,저속한
721,G2,warrantee,[wɔrənˈti],[wɒrənˈti],noun,a person to whom a warranty is made.,피보증인
722,G5,way,[weɪ],,noun,a method,방법
723,G5,weekend,['wikɛnd],[wik'ɛnd],noun,the end of a week,주말
724,G5,white house,[ˈwaɪthaʊs],,noun,the official Washington residence of the president of the US,백악관관
725,G6,withhold,[wɪθˈhoʊld],[wɪðˈhoʊld],verb,to hold back; restrain or check,보류하다
726,G5,word,[wɜrd],[wɜd],noun,a unit of language that functions as a principal carrier of meaning,단어
727,G2,worry,[ˈwʌri],[ˈwɜri],verb,to think about problems or bad things that might happen,걱정하다
728,G5,written,[ˈrɪtn],[ˈrɪtən],verb,a past participle of write,글로 표현된
729,G1,yellow,[ˈje.loʊ],[ˈjɛləʊ ],adjective,"a color like that of egg yolk, ripe lemons, etc.; the primary color between green and orange in the visible spectrum, an effect of light with a wavelength between 570 and 590 nanometers.",노란
730,G2,yokohama,[yəkə'hɑmə],,noun,city of japan,요코하마
731,G1,zipper,[ˈzɪ.pər],[ˈzɪ.pə],noun,"a device used for fastening clothing, valises, etc.,",지퍼